id;title;description;video_url;thumbnail_url;like_number;liked
1;Technician;North;plum Investor transmitting;Jordan Berkshire SQL;83414;true
2;input compressing;Toys black;loyalty;Expressway revolutionize;36195;false
3;Developer;world-class;District IB;West Sports Brook;18771;false
4;embrace magenta;Arizona Generic;Multi-tiered Realigned;Division;23408;true
5;interface haptic Territories;Steel Account Cambridgeshire;Innovative;Small;93136;false
6;e-enable;Orchestrator Ergonomic payment;e-services Up-sized transmit;cross-platform XML;15238;true
7;architectures;Maine Mouse;calculating Configurable payment;up;73116;true
8;Persistent;integrated Senior Regional;niches Director lime;Quality invoice;18537;false
9;Chicken;gold tangible Self-enabling;Montana;Shirt;96138;false
10;Fresh Creek Street;leading-edge Bedfordshire;XML Card;extend navigate Ohio;39793;false
